File Path,Status,Notes,RBAC_Issues,Implementation_Plan
"backend\middleware\pageAccess.js","‚úÖ","Page access middleware - core RBAC component","",""
"backend\middleware\auth.js","üîÑ","Auth middleware has both requireRole and modern auth","Still exports requireRole for backward compatibility","Keep for backward compatibility, use requirePageAccess in new code"
"backend\routes\api\attendance.js","‚ùå","Routes use legacy requireRole middleware","requireRole() should be replaced with requirePageAccess()","Replace requireRole with requirePageAccess"
"backend\routes\api\admin-dashboard.js","‚ùå","Routes use legacy requireRole middleware","requireRole() should be replaced with requirePageAccess()","Replace requireRole with requirePageAccess"
"backend\routes\api\hr-dashboard.js","‚ùå","Routes use legacy requireRole middleware","requireRole() should be replaced with requirePageAccess()","Replace requireRole with requirePageAccess"
"backend\routes\api\employees.js","‚ùå","Routes use legacy requireRole middleware","requireRole() should be replaced with requirePageAccess()","Replace requireRole with requirePageAccess"
"backend\routes\api\departments.js","‚ùå","Routes use legacy requireRole middleware","requireRole() should be replaced with requirePageAccess()","Replace requireRole with requirePageAccess"
"backend\routes\api\designations.js","‚ùå","Routes use legacy requireRole middleware","requireRole() should be replaced with requirePageAccess()","Replace requireRole with requirePageAccess"
"backend\routes\api\holidays.js","‚ùå","Routes use legacy requireRole middleware","requireRole() should be replaced with requirePageAccess()","Replace requireRole with requirePageAccess"
"backend\routes\api\holiday-types.js","‚ùå","Routes use legacy requireRole middleware","requireRole() should be replaced with requirePageAccess()","Replace requireRole with requirePageAccess"
"backend\routes\api\leave.js","‚ùå","Routes use legacy requireRole middleware","requireRole() should be replaced with requirePageAccess()","Replace requireRole with requirePageAccess"
"backend\routes\api\leaveTypes.js","‚ùå","Routes use legacy requireRole middleware","requireRole() should be replaced with requirePageAccess()","Replace requireRole with requirePageAccess"
"backend\routes\api\attendance.js","‚ùå","Routes use legacy requireRole middleware","requireRole() should be replaced with requirePageAccess()","Replace requireRole with requirePageAccess"
"backend\routes\api\batches.js","‚ùå","Routes use legacy requireRole middleware","requireRole() should be replaced with requirePageAccess()","Replace requireRole with requirePageAccess"
"backend\routes\api\shifts.js","‚ùå","Routes use legacy requireRole middleware","requireRole() should be replaced with requirePageAccess()","Replace requireRole with requirePageAccess"
"backend\routes\api\schedule.js","‚ùå","Routes use legacy requireRole middleware","requireRole() should be replaced with requirePageAccess()","Replace requireRole with requirePageAccess"
"backend\routes\api\timesheets.js","‚ùå","Routes use legacy requireRole middleware","requireRole() should be replaced with requirePageAccess()","Replace requireRole with requirePageAccess"
"backend\routes\api\timetracking.js","‚ùå","Routes use legacy requireRole middleware","requireRole() should be replaced with requirePageAccess()","Replace requireRole with requirePageAccess"
"backend\routes\api\overtime.js","‚ùå","Routes use legacy requireRole middleware","requireRole() should be replaced with requirePageAccess()","Replace requireRole with requirePageAccess"
"backend\routes\api\promotions.js","‚ùå","Routes use legacy requireRole middleware","requireRole() should be replaced with requirePageAccess()","Replace requireRole with requirePageAccess"
"backend\routes\api\resignations.js","‚ùå","Routes use legacy requireRole middleware","requireRole() should be replaced with requirePageAccess()","Replace requireRole with requirePageAccess"
"backend\routes\api\terminations.js","‚ùå","Routes use legacy requireRole middleware","requireRole() should be replaced with requirePageAccess()","Replace requireRole with requirePageAccess"
"backend\routes\api\projects.js","‚ùå","Routes use legacy requireRole middleware","requireRole() should be replaced with requirePageAccess()","Replace requireRole with requirePageAccess"
"backend\routes\api\project-notes.js","‚ùå","Routes use legacy requireRole middleware","requireRole() should be replaced with requirePageAccess()","Replace requireRole with requirePageAccess"
"backend\routes\api\tasks.js","‚ùå","Routes use legacy requireRole middleware","requireRole() should be replaced with requirePageAccess()","Replace requireRole with requirePageAccess"
"backend\routes\api\milestones.js","‚ùå","Routes use legacy requireRole middleware","requireRole() should be replaced with requirePageAccess()","Replace requireRole with requirePageAccess"
"backend\routes\api\pipelines.js","‚ùå","Routes use legacy requireRole middleware","requireRole() should be replaced with requirePageAccess()","Replace requireRole with requirePageAccess"
"backend\routes\api\leads.js","‚ùå","Routes use legacy requireRole middleware","requireRole() should be replaced with requirePageAccess()","Replace requireRole with requirePageAccess"
"backend\routes\api\invoices.js","‚ùå","Routes use legacy requireRole middleware","requireRole() should be replaced with requirePageAccess()","Replace requireRole with requirePageAccess"
"backend\routes\api\budgets.js","‚ùå","Routes use legacy requireRole middleware","requireRole() should be replaced with requirePageAccess()","Replace requireRole with requirePageAccess"
"backend\routes\api\clients.js","‚ùå","Routes use legacy requireRole middleware","requireRole() should be replaced with requirePageAccess()","Replace requireRole with requirePageAccess"
"backend\routes\api\resources.js","‚ùå","Routes use legacy requireRole middleware","requireRole() should be replaced with requirePageAccess()","Replace requireRole with requirePageAccess"
"backend\routes\api\assets.js","‚ùå","Routes use legacy requireRole middleware","requireRole() should be replaced with requirePageAccess()","Replace requireRole with requirePageAccess"
"backend\routes\api\asset-categories.js","‚ùå","Routes use legacy requireRole middleware","requireRole() should be replaced with requirePageAccess()","Replace requireRole with requirePageAccess"
"backend\routes\api\activities.js","‚ùå","Routes use legacy requireRole middleware","requireRole() should be replaced with requirePageAccess()","Replace requireRole with requirePageAccess"
"backend\routes\api\training.js","‚ùå","Routes use legacy requireRole middleware","requireRole() should be replaced with requirePageAccess()","Replace requireRole with requirePageAccess"
"backend\routes\api\policies.js","‚ùå","Routes use legacy requireRole middleware","requireRole() should be replaced with requirePageAccess()","Replace requireRole with requirePageAccess"
"backend\routes\api\user-profile.js","‚ùå","Routes use legacy requireRole middleware","requireRole() should be replaced with requirePageAccess()","Replace requireRole with requirePageAccess"
"backend\routes\api\syncRole.routes.js","‚ùå","Routes use legacy requireRole middleware","requireRole() should be replaced with requirePageAccess()","Replace requireRole with requirePageAccess"
"backend\routes\api\superadmin.companies.js","‚ùå","Routes use legacy requireRole middleware","requireRole() should be replaced with requirePageAccess()","Replace requireRole with requirePageAccess"
"backend\routes\api\rbac\pages.js","‚úÖ","Routes use requirePageAccess middleware","",""
"backend\routes\api\rbac\pageCategories.routes.js","‚úÖ","Routes use requirePageAccess middleware","",""
"backend\routes\api\rbac\pagesHierarchy.js","‚úÖ","Routes use requirePageAccess middleware","",""
"backend\routes\api\rbac\permissions.js","‚úÖ","RBAC routes - no role checks needed","",""
"backend\routes\api\rbac\roles.js","‚úÖ","RBAC routes - no role checks needed","",""
"backend\routes\api\rbac\modules.js","‚úÖ","RBAC routes - no role checks needed","",""
"backend\controllers\rest\employee.controller.js","‚ùå","Controller without RBAC middleware","Missing requirePageAccess or requireRole middleware","Add requirePageAccess middleware to controller routes"
"backend\controllers\rest\attendance.controller.js","‚ùå","Controller without RBAC middleware","Missing requirePageAccess or requireRole middleware","Add requirePageAccess middleware to controller routes"
"backend\controllers\rest\hrDashboard.controller.js","‚ùå","Controller without RBAC middleware","Missing requirePageAccess or requireRole middleware","Add requirePageAccess middleware to controller routes"
"backend\controllers\rest\adminDashboard.controller.js","‚ùå","Controller without RBAC middleware","Missing requirePageAccess or requireRole middleware","Add requirePageAccess middleware to controller routes"
"backend\controllers\rbac\role.controller.js","‚úÖ","RBAC controller - permission based","",""
"backend\controllers\rbac\permission.controller.js","‚úÖ","RBAC controller - permission based","",""
"backend\controllers\rbac\module.controller.js","‚úÖ","RBAC controller - permission based","",""
"backend\controllers\rbac\page.controller.js","‚úÖ","RBAC controller - permission based","",""
"backend\controllers\superadmin\superadmin.controller.js","‚ùå","Controller without RBAC middleware","Missing requirePageAccess or requireRole middleware","Add requirePageAccess middleware to controller routes"
"backend\controllers\superadmin\companies.controller.js","‚ùå","Controller without RBAC middleware","Missing requirePageAccess or requireRole middleware","Add requirePageAccess middleware to controller routes"
"backend\controllers\superadmin\dashboard.controller.js","‚ùå","Controller without RBAC middleware","Missing requirePageAccess or requireRole middleware","Add requirePageAccess middleware to controller routes"
"backend\controllers\superadmin\package.controller.js","‚ùå","Controller without RBAC middleware","Missing requirePageAccess or requireRole middleware","Add requirePageAccess middleware to controller routes"
"backend\controllers\superadmin\subscription.controller.js","‚ùå","Controller without RBAC middleware","Missing requirePageAccess or requireRole middleware","Add requirePageAccess middleware to controller routes"
"react\src\core\data\json\sidebarMenu.jsx","‚ùå","Hardcoded role-based sidebar menu filtering","Uses switch statement with hardcoded roles (superadmin, hr, admin, etc.)","Replace with permission-based filtering using PermissionContext"
"react\src\core\data\json\horizontalSidebar.tsx","‚ùå","Hardcoded role-based horizontal menu filtering","Uses roles: [] arrays with hardcoded role values","Replace with permission-based filtering"
"react\src\feature-module\router\withRoleCheck.jsx","‚ùå","Legacy role-based route protection HOC","withRoleCheck uses hardcoded roles instead of permissions","Replace with PageAccessGuard or usePageAccess hook"
"react\src\hooks\usePageAccess.tsx","‚úÖ","Core permission/authorization hook","",""
"react\src\core\components\RoleBasedRenderer\index.tsx","‚ùå","Component uses withRoleCheck","Uses legacy withRoleCheck HOC","Replace with permission-based rendering"
"react\src\core\components\RoleDebugger\index.tsx","‚úÖ","Permission debugging component","",""
"react\src\core\modals\AddEmployeeModal.tsx","üîÑ","Modal file - needs manual review for action buttons","May have unprotected action buttons","Review and wrap with PermissionButton"
"react\src\core\modals\EditEmployeeModal.tsx","üîÑ","Modal file - needs manual review for action buttons","May have unprotected action buttons","Review and wrap with PermissionButton"
"react\src\core\modals\AddSuperAdminModal.tsx","üîÑ","Modal file - needs manual review for action buttons","May have unprotected action buttons","Review and wrap with PermissionButton"
"react\src\core\modals\EditSuperAdminModal.tsx","üîÑ","Modal file - needs manual review for action buttons","May have unprotected action buttons","Review and wrap with PermissionButton"
"react\src\core\modals\add_company.tsx","üîÑ","Modal file - needs manual review for action buttons","May have unprotected action buttons","Review and wrap with PermissionButton"
"react\src\core\modals\edit_company.tsx","üîÑ","Modal file - needs manual review for action buttons","May have unprotected action buttons","Review and wrap with PermissionButton"
"react\src\core\modals\add_contact.tsx","üîÑ","Modal file - needs manual review for action buttons","May have unprotected action buttons","Review and wrap with PermissionButton"
"react\src\core\modals\edit_contact.tsx","üîÑ","Modal file - needs manual review for action buttons","May have unprotected action buttons","Review and wrap with PermissionButton"
"react\src\core\modals\add_leads.tsx","üîÑ","Modal file - needs manual review for action buttons","May have unprotected action buttons","Review and wrap with PermissionButton"
"react\src\core\modals\edit_leads.tsx","üîÑ","Modal file - needs manual review for action buttons","May have unprotected action buttons","Review and wrap with PermissionButton"
"react\src\core\modals\add_deals.tsx","üîÑ","Modal file - needs manual review for action buttons","May have unprotected action buttons","Review and wrap with PermissionButton"
"react\src\core\modals\edit_deals.tsx","üîÑ","Modal file - needs manual review for action buttons","May have unprotected action buttons","Review and wrap with PermissionButton"
"react\src\core\modals\add_pipeline.tsx","üîÑ","Modal file - needs manual review for action buttons","May have unprotected action buttons","Review and wrap with PermissionButton"
"react\src\core\modals\edit_pipeline.tsx","üîÑ","Modal file - needs manual review for action buttons","May have unprotected action buttons","Review and wrap with PermissionButton"
"react\src\core\modals\delete_pipeline.tsx","üîÑ","Modal file - needs manual review for action buttons","May have unprotected action buttons","Review and wrap with PermissionButton"
"react\src\core\modals\add_activity.tsx","üîÑ","Modal file - needs manual review for action buttons","May have unprotected action buttons","Review and wrap with PermissionButton"
"react\src\core\modals\edit_activity.tsx","üîÑ","Modal file - needs manual review for action buttons","May have unprotected action buttons","Review and wrap with PermissionButton"
"react\src\core\modals\delete_activity.tsx","üîÑ","Modal file - needs manual review for action buttons","May have unprotected action buttons","Review and wrap with PermissionButton"
"react\src\feature-module\hrm\employees\employeedetails.tsx","üîÑ","Feature module - needs manual review for RBAC","May have unprotected action buttons","Review for permission-based access controls"
"react\src\feature-module\hrm\employees\employeesGrid.tsx","üîÑ","Feature module - needs manual review for RBAC","May have unprotected action buttons","Review for permission-based access controls"
"react\src\feature-module\hrm\employees\employeesList.tsx","üîÑ","Feature module - needs manual review for RBAC","May have unprotected action buttons","Review for permission-based access controls"
"react\src\feature-module\hrm\attendance\attendanceadmin.tsx","üîÑ","Feature module - needs manual review for RBAC","May have unprotected action buttons","Review for permission-based access controls"
"react\src\feature-module\hrm\attendance\leaveAdmin.tsx","üîÑ","Feature module - needs manual review for RBAC","May have unprotected action buttons","Review for permission-based access controls"
"react\src\feature-module\hrm\attendance\leaveEmployee.tsx","üîÑ","Feature module - needs manual review for RBAC","May have unprotected action buttons","Review for permission-based access controls"
"react\src\feature-module\projects\project\project.tsx","üîÑ","Feature module - needs manual review for RBAC","May have unprotected action buttons","Review for permission-based access controls"
"react\src\feature-module\projects\task\task.tsx","üîÑ","Feature module - needs manual review for RBAC","May have unprotected action buttons","Review for permission-based access controls"
"react\src\feature-module\crm\leads\leadsList.tsx","üîÑ","Feature module - needs manual review for RBAC","May have unprotected action buttons","Review for permission-based access controls"
"react\src\feature-module\crm\contacts\contactList.tsx","üîÑ","Feature module - needs manual review for RBAC","May have unprotected action buttons","Review for permission-based access controls"
"react\src\feature-module\crm\deals\dealsList.tsx","üîÑ","Feature module - needs manual review for RBAC","May have unprotected action buttons","Review for permission-based access controls"
"react\src\feature-module\super-admin\rolePermission.tsx","‚úÖ","Uses permission-based access control","",""
"react\src\feature-module\super-admin\permissionpage.tsx","‚úÖ","Uses permission-based access control","",""
"react\src\feature-module\super-admin\users.tsx","‚úÖ","Uses permission-based access control","",""
"react\src\feature-module\administration\user-management\rolePermission.tsx","üîÑ","Feature module - needs manual review for RBAC","May use legacy role checks","Review for permission-based access controls"
"react\src\feature-module\administration\user-management\users.tsx","üîÑ","Feature module - needs manual review for RBAC","May use legacy role checks","Review for permission-based access controls"
"react\src\feature-module\administration\user-management\permissionpage.tsx","üîÑ","Feature module - needs manual review for RBAC","May use legacy role checks","Review for permission-based access controls"
"backend\tests\setup.js","‚ûñ","Test file - no RBAC needed","",""
"backend\tests\controllers\leave.controller.test.js","‚ûñ","Test file - no RBAC needed","",""
"backend\tests\controllers\employee.controller.test.js","‚ûñ","Test file - no RBAC needed","",""
"backend\tests\controllers\attendance.controller.test.js","‚ûñ","Test file - no RBAC needed","",""
"backend\tests\controllers\asset.controller.test.js","‚ûñ","Test file - no RBAC needed","",""
"backend\socket\test-socket.js","‚ûñ","Test file - no RBAC needed","",""
"backend\seeds\updateSeeds.js","‚ûñ","Seed/migration script - no RBAC needed","",""
"backend\seeds\socialFeed.seeds.js","‚ûñ","Seed/migration script - no RBAC needed","",""
"backend\seeds\getSeeds.js","‚ûñ","Seed/migration script - no RBAC needed","",""
"backend\seeds\employeeSeeds.js","‚ûñ","Seed/migration script - no RBAC needed","",""
"backend\seeds\deleteSeeds.js","‚ûñ","Seed/migration script - no RBAC needed","",""
"backend\scripts\verifyRbac.js","‚ûñ","Script file - no RBAC needed","",""
"backend\scripts\verifyEmbeddedPermissions.js","‚ûñ","Script file - no RBAC needed","",""
"backend\scripts\testSeed.js","‚ûñ","Script file - no RBAC needed","",""
"backend\scripts\testRbacApi.js","‚ûñ","Script file - no RBAC needed","",""
"backend\scripts\testEnv.js","‚ûñ","Script file - no RBAC needed","",""
"backend\scripts\seedRbac.js","‚ûñ","Script file - no RBAC needed","",""
"backend\scripts\seedPages.js","‚ûñ","Script file - no RBAC needed","",""
"backend\scripts\seedModules.js","‚ûñ","Script file - no RBAC needed","",""
"backend\scripts\runSeed.js","‚ûñ","Script file - no RBAC needed","",""
"backend\scripts\rollbackEmbeddedPermissions.js","‚ûñ","Script file - no RBAC needed","",""
"backend\scripts\migrateRolePermissions.js","‚ûñ","Script file - no RBAC needed","",""
"backend\scripts\fix-email-indexes.js","‚ûñ","Script file - no RBAC needed","",""
"backend\scripts\directSeed.js","‚ûñ","Script file - no RBAC needed","",""
"backend\scripts\debugConnection.js","‚ûñ","Script file - no RBAC needed","",""
"backend\scripts\createIndexes.js","‚ûñ","Script file - no RBAC needed","",""
"backend\scripts\compareStructures.js","‚ûñ","Script file - no RBAC needed","",""
"backend\scripts\cleanupModules.js","‚ûñ","Script file - no RBAC needed","",""
"backend\scripts\cleanup-duplicate-employee.js","‚ûñ","Script file - no RBAC needed","",""
"backend\scripts\backup.js","‚ûñ","Script file - no RBAC needed","",""
"backend\models\ticket.model.js","‚ûñ","Schema definition - no RBAC needed","",""
"backend\models\job.model.js","‚ûñ","Schema definition - no RBAC needed","",""
"backend\models\deal.model.js","‚ûñ","Schema definition - no RBAC needed","",""
"backend\models\training\training.schema.js","‚ûñ","Schema definition - no RBAC needed","",""
"backend\models\timesheet\timesheet.schema.js","‚ûñ","Schema definition - no RBAC needed","",""
"backend\models\timeEntry\timeEntry.schema.js","‚ûñ","Schema definition - no RBAC needed","",""
"backend\models\task\taskstatus.schema.js","‚ûñ","Schema definition - no RBAC needed","",""
"backend\models\task\task.schema.js","‚ûñ","Schema definition - no RBAC needed","",""
"backend\models\superadmin\package.schema.js","‚ûñ","Schema definition - no RBAC needed","",""
"backend\models\socialfeed\socialFeed.model.js","‚ûñ","Schema definition - no RBAC needed","",""
"backend\models\shift\shift.schema.js","‚ûñ","Schema definition - no RBAC needed","",""
"backend\models\shift\batchAssignmentHistory.schema.js","‚ûñ","Schema definition - no RBAC needed","",""
"backend\models\shift\batch.schema.js","‚ûñ","Schema definition - no RBAC needed","",""
"backend\models\resource\resourceAllocation.schema.js","‚ûñ","Schema definition - no RBAC needed","",""
"backend\models\rbac\rolePermission.schema.js","‚ûñ","Schema definition - no RBAC needed","",""
"backend\models\rbac\role.schema.js","‚ûñ","Schema definition - no RBAC needed","",""
"backend\models\rbac\permission.schema.js","‚ûñ","Schema definition - no RBAC needed","",""
"backend\models\rbac\page.schema.js","‚ûñ","Schema definition - no RBAC needed","",""
"backend\models\rbac\module.schema.js","‚ûñ","Schema definition - no RBAC needed","",""
"backend\models\promotion\promotion.schema.js","‚ûñ","Schema definition - no RBAC needed","",""
"backend\models\project\project.schema.js","‚ûñ","Schema definition - no RBAC needed","",""
"backend\models\project\project.notes.schema.js","‚ûñ","Schema definition - no RBAC needed","",""
"backend\models\policy\policy.schema.js","‚ûñ","Schema definition - no RBAC needed","",""
"backend\models\plugins\softDeletePlugin.js","‚ûñ","Schema definition - no RBAC needed","",""
"backend\models\plugins\softDelete.js","‚ûñ","Schema definition - no RBAC needed","",""
"backend\models\pipeline\pipeline.schema.js","‚ûñ","Schema definition - no RBAC needed","",""
"backend\models\performance\promotion.model.js","‚ûñ","Schema definition - no RBAC needed","",""
"backend\models\performance\performanceReview.model.js","‚ûñ","Schema definition - no RBAC needed","",""
"backend\models\performance\performanceIndicator.model.js","‚ûñ","Schema definition - no RBAC needed","",""
"backend\models\performance\performanceAppraisal.model.js","‚ûñ","Schema definition - no RBAC needed","",""
"backend\models\performance\goalType.model.js","‚ûñ","Schema definition - no RBAC needed","",""
"backend\models\performance\goalTracking.model.js","‚ûñ","Schema definition - no RBAC needed","",""
"backend\models\payroll\payroll.schema.js","‚ûñ","Schema definition - no RBAC needed","",""
"backend\models\overtime\overtimeRequest.schema.js","‚ûñ","Schema definition - no RBAC needed","",""
"backend\models\organization\designation.schema.js","‚ûñ","Schema definition - no RBAC needed","",""
"backend\models\organization\department.schema.js","‚ûñ","Schema definition - no RBAC needed","",""
"backend\models\milestone\milestone.schema.js","‚ûñ","Schema definition - no RBAC needed","",""
"backend\models\leave\leaveType.schema.js","‚ûñ","Schema definition - no RBAC needed","",""
"backend\models\leave\leave.schema.js","‚ûñ","Schema definition - no RBAC needed","",""
"backend\models\lead\lead.schema.js","‚ûñ","Schema definition - no RBAC needed","",""
"backend\models\kaban\kaban.model.js","‚ûñ","Schema definition - no RBAC needed","",""
"backend\models\invoice\invoice.schema.js","‚ûñ","Schema definition - no RBAC needed","",""
"backend\models\invoice\invoice.js","‚ûñ","Schema definition - no RBAC needed","",""
"backend\models\holidayType\holidayType.schema.js","‚ûñ","Schema definition - no RBAC needed","",""
"backend\models\holiday\holiday.schema.js","‚ûñ","Schema definition - no RBAC needed","",""
"backend\models\employee\package.schema.js","‚ûñ","Schema definition - no RBAC needed","",""
"backend\models\employee\employee.schema.js","‚ûñ","Schema definition - no RBAC needed","",""
"backend\models\client\client.schema.js","‚ûñ","Schema definition - no RBAC needed","",""
"backend\models\chat\message.schema.js","‚ûñ","Schema definition - no RBAC needed","",""
"backend\models\chat\conversation.schema.js","‚ûñ","Schema definition - no RBAC needed","",""
"backend\models\budget\budget.schema.js","‚ûñ","Schema definition - no RBAC needed","",""
"backend\models\attendance\attendance.schema.js","‚ûñ","Schema definition - no RBAC needed","",""
"backend\models\asset\asset.schema.js","‚ûñ","Schema definition - no RBAC needed","",""
"backend\models\activity\activity.schema.js","‚ûñ","Schema definition - no RBAC needed","",""
"backend\migrations\migrateAttendanceEmployeeFields.js","‚ûñ","Migration script - no RBAC needed","",""
"backend\migrations\migrate-hr-status-fields.cjs","‚ûñ","Migration script - no RBAC needed","",""
"backend\migrations\fixPromotionDepartmentIdType.js","‚ûñ","Migration script - no RBAC needed","",""
"backend\migrations\cleanupEmployeeDuplicates.js","‚ûñ","Migration script - no RBAC needed","",""
"backend\migrations\cleanupEmployeeDuplicateFields.js","‚ûñ","Migration script - no RBAC needed","",""
"backend\migrations\addPersonalInfoFields.js","‚ûñ","Migration script - no RBAC needed","",""
"backend\migrations\addCompanyUserCount.js","‚ûñ","Migration script - no RBAC needed","",""
"backend\middleware\validate.js","‚ûñ","Middleware file (validation) - no RBAC needed","",""
"backend\middleware\rateLimiter.js","‚ûñ","Middleware file (rate limiting) - no RBAC needed","",""
"backend\middleware\errorHandler.js","‚ûñ","Middleware file (error handling) - no RBAC needed","",""
"backend\middleware\compression.js","‚ûñ","Middleware file (compression) - no RBAC needed","",""
"backend\jobs\promotionScheduler.js","‚ûñ","Job scheduler - no RBAC needed","",""
"backend\integration-tests\timesheet.api.test.js","‚ûñ","Test file - no RBAC needed","",""
"backend\integration-tests\dashboard.integration.test.js","‚ûñ","Test file - no RBAC needed","",""
"backend\docs\openapi.yaml","‚ûñ","Documentation file - no RBAC needed","",""
"backend\data\mockData.json","‚ûñ","Data file - no RBAC needed","",""
"backend\controllers\update_console_logs.sh","‚ûñ","Script file - no RBAC needed","",""
"backend\controllers\health.controller.js","‚ûñ","Health check endpoint - no RBAC needed","",""
"backend\controllers\webhooks\clerk.webhook.js","‚ûñ","Webhook handler - no RBAC needed","",""
"backend\services\trainingList.services.js","‚ûñ","Service file - business logic only","",""
"backend\services\leaveValidation.js","‚ûñ","Service file - business logic only","",""
"backend\services\user\user.services.js","‚ûñ","Service file - business logic only","",""
"backend\services\timeTracking\timeTracking.service.js","‚ûñ","Service file - business logic only","",""
"backend\services\tickets\tickets.services.js","‚ûñ","Service file - business logic only","",""
"backend\services\task\task.services.js","‚ûñ","Service file - business logic only","",""
"backend\services\superadmin\subscriptions.services.js","‚ûñ","Service file - business logic only","",""
"backend\services\superadmin\packages.services.js","‚ûñ","Service file - business logic only","",""
"backend\services\superadmin\dashboard.services.js","‚ûñ","Service file - business logic only","",""
"backend\services\superadmin\companies.services.js","‚ûñ","Service file - business logic only","",""
"backend\services\socialfeed\socialFeed.services.js","‚ûñ","Service file - business logic only","",""
"backend\services\shift\scheduleEngine.service.js","‚ûñ","Service file - business logic only","",""
"backend\services\resource\resource.service.js","‚ûñ","Service file - business logic only","",""
"backend\services\rbac\role.service.js","‚ûñ","Service file - business logic only","",""
"backend\services\rbac\permission.service.js","‚ûñ","Service file - business logic only","",""
"backend\services\rbac\module.service.js","‚ûñ","Service file - business logic only","",""
"backend\services\project\project.services.js","‚ûñ","Service file - business logic only","",""
"backend\services\project\project.notes.services.js","‚ûñ","Service file - business logic only","",""
"backend\services\pipeline\pipeline.services.js","‚ûñ","Service file - business logic only","",""
"backend\services\performance\promotion.services.js","‚ûñ","Service file - business logic only","",""
"backend\services\performance\performanceReview.services.js","‚ûñ","Service file - business logic only","",""
"backend\services\performance\performanceIndicator.services.js","‚ûñ","Service file - business logic only","",""
"backend\services\performance\performanceAppraisal.services.js","‚ûñ","Service file - business logic only","",""
"backend\services\performance\goalType.services.js","‚ûñ","Service file - business logic only","",""
"backend\services\performance\goalTracking.services.js","‚ûñ","Service file - business logic only","",""
"backend\services\payroll\salaryCalculator.js","‚ûñ","Service file - business logic only","",""
"backend\services\payroll\payslipGenerator.js","‚ûñ","Service file - business logic only","",""
"backend\services\pages\profilepage.services.js","‚ûñ","Service file - business logic only","",""
"backend\services\milestone\milestone.service.js","‚ûñ","Service file - business logic only","",""
"backend\services\lead\lead.services.js","‚ûñ","Service file - business logic only","",""
"backend\services\kaban\kaban.services.js","‚ûñ","Service file - business logic only","",""
"backend\services\jobs\jobs.services.js","‚ûñ","Service file - business logic only","",""
"backend\services\invoice\invoice.services.js","‚ûñ","Service file - business logic only","",""
"backend\services\hr\trainingTypes.services.js","‚ûñ","Service file - business logic only","",""
"backend\services\hr\trainingList.services.js","‚ûñ","Service file - business logic only","",""
"backend\services\hr\trainers.services.js","‚ûñ","Service file - business logic only","",""
"backend\services\hr\termination.services.js","‚ûñ","Service file - business logic only","",""
"backend\services\hr\resignation.services.js","‚ûñ","Service file - business logic only","",""
"backend\services\hr\hrm.policy.js","‚ûñ","Service file - business logic only","",""
"backend\services\hr\hrm.holidayTypes.js","‚ûñ","Service file - business logic only","",""
"backend\services\hr\hrm.holidays.js","‚ûñ","Service file - business logic only","",""
"backend\services\hr\hrm.employee.js","‚ûñ","Service file - business logic only","",""
"backend\services\hr\hrm.designation.js","‚ûñ","Service file - business logic only","",""
"backend\services\hr\hrm.department.js","‚ûñ","Service file - business logic only","",""
"backend\services\hr\hrm.dashboard.js","‚ûñ","Service file - business logic only","",""
"backend\services\hr\employeeDeletion.service.js","‚ûñ","Service file - business logic only","",""
"backend\services\employee\notes.services.js","‚ûñ","Service file - business logic only","",""
"backend\services\employee\employee.services.js","‚ûñ","Service file - business logic only","",""
"backend\services\employee\dashboard.services.js","‚ûñ","Service file - business logic only","",""
"backend\services\email\emailService.js","‚ûñ","Service file - business logic only","",""
"backend\services\deal\deal.services.js","‚ûñ","Service file - business logic only","",""
"backend\services\contact\contact.services.js","‚ûñ","Service file - business logic only","",""
"backend\services\company\company.services.js","‚ûñ","Service file - business logic only","",""
"backend\services\client\client.services.js","‚ûñ","Service file - business logic only","",""
"backend\services\chat\chat.services.js","‚ûñ","Service file - business logic only","",""
"backend\services\candidates\candidates.services.js","‚ûñ","Service file - business logic only","",""
"backend\services\budget\budget.service.js","‚ûñ","Service file - business logic only","",""
"backend\services\assets\assets.services.js","‚ûñ","Service file - business logic only","",""
"backend\services\assets\assetCategory.services.js","‚ûñ","Service file - business logic only","",""
"backend\services\admin\admin.services.js","‚ûñ","Service file - business logic only","",""
"backend\services\addInvoice\addInvoice.services.js","‚ûñ","Service file - business logic only","",""
"backend\services\activities\activities.services.js","‚ûñ","Service file - business logic only","",""
"react\src\feature-module\auth\login\login.tsx","‚ûñ","Auth/public page - no RBAC needed","",""
"react\src\feature-module\auth\login\login-2.tsx","‚ûñ","Auth/public page - no RBAC needed","",""
"react\src\feature-module\auth\login\login-3.tsx","‚ûñ","Auth/public page - no RBAC needed","",""
"react\src\feature-module\auth\register\register.tsx","‚ûñ","Auth/public page - no RBAC needed","",""
"react\src\feature-module\auth\register\register-2.tsx","‚ûñ","Auth/public page - no RBAC needed","",""
"react\src\feature-module\auth\register\register-3.tsx","‚ûñ","Auth/public page - no RBAC needed","",""
"react\src\feature-module\auth\forgotPassword\forgotPassword.tsx","‚ûñ","Auth/public page - no RBAC needed","",""
"react\src\feature-module\auth\forgotPassword\forgotPassword-2.tsx","‚ûñ","Auth/public page - no RBAC needed","",""
"react\src\feature-module\auth\forgotPassword\forgotPassword-3.tsx","‚ûñ","Auth/public page - no RBAC needed","",""
"react\src\feature-module\auth\resetPassword\resetPassword.tsx","‚ûñ","Auth/public page - no RBAC needed","",""
"react\src\feature-module\auth\resetPassword\resetPassword-2.tsx","‚ûñ","Auth/public page - no RBAC needed","",""
"react\src\feature-module\auth\resetPassword\resetPassword-3.tsx","‚ûñ","Auth/public page - no RBAC needed","",""
"react\src\feature-module\auth\resetPasswordSuccess\resetPasswordSuccess.tsx","‚ûñ","Auth/public page - no RBAC needed","",""
"react\src\feature-module\auth\resetPasswordSuccess\resetPasswordSuccess-2.tsx","‚ûñ","Auth/public page - no RBAC needed","",""
"react\src\feature-module\auth\resetPasswordSuccess\resetPasswordSuccess-3.tsx","‚ûñ","Auth/public page - no RBAC needed","",""
"react\src\feature-module\auth\emailVerification\emailVerification.tsx","‚ûñ","Auth/public page - no RBAC needed","",""
"react\src\feature-module\auth\emailVerification\emailVerification-2.tsx","‚ûñ","Auth/public page - no RBAC needed","",""
"react\src\feature-module\auth\emailVerification\emailVerification-3.tsx","‚ûñ","Auth/public page - no RBAC needed","",""
"react\src\feature-module\auth\twoStepVerification\twoStepVerification.tsx","‚ûñ","Auth/public page - no RBAC needed","",""
"react\src\feature-module\auth\twoStepVerification\twoStepVerification-2.tsx","‚ûñ","Auth/public page - no RBAC needed","",""
"react\src\feature-module\auth\twoStepVerification\twoStepVerification-3.tsx","‚ûñ","Auth/public page - no RBAC needed","",""
"react\src\feature-module\auth\lockScreen.tsx","‚ûñ","Auth/public page - no RBAC needed","",""
"react\src\feature-module\uiInterface\advanced-ui\clipboard.tsx","‚ûñ","UI Interface demo page - no RBAC needed","",""
"react\src\feature-module\uiInterface\advanced-ui\counter.tsx","‚ûñ","UI Interface demo page - no RBAC needed","",""
"react\src\feature-module\uiInterface\advanced-ui\dragdrop.tsx","‚ûñ","UI Interface demo page - no RBAC needed","",""
"react\src\feature-module\uiInterface\advanced-ui\rangeslider.tsx","‚ûñ","UI Interface demo page - no RBAC needed","",""
"react\src\feature-module\uiInterface\advanced-ui\rating.tsx","‚ûñ","UI Interface demo page - no RBAC needed","",""
"react\src\feature-module\uiInterface\advanced-ui\ribbon.tsx","‚ûñ","UI Interface demo page - no RBAC needed","",""
"react\src\feature-module\uiInterface\advanced-ui\stickynote.tsx","‚ûñ","UI Interface demo page - no RBAC needed","",""
"react\src\feature-module\uiInterface\advanced-ui\texteditor.tsx","‚ûñ","UI Interface demo page - no RBAC needed","",""
"react\src\feature-module\uiInterface\advanced-ui\timeline.tsx","‚ûñ","UI Interface demo page - no RBAC needed","",""
"react\src\feature-module\uiInterface\advanced-ui\uiscrollbar.tsx","‚ûñ","UI Interface demo page - no RBAC needed","",""
"react\src\feature-module\uiInterface\base-ui\accordion.tsx","‚ûñ","UI Interface demo page - no RBAC needed","",""
"react\src\feature-module\uiInterface\base-ui\alert-ui.tsx","‚ûñ","UI Interface demo page - no RBAC needed","",""
"react\src\feature-module\uiInterface\base-ui\alert.tsx","‚ûñ","UI Interface demo page - no RBAC needed","",""
"react\src\feature-module\uiInterface\base-ui\avatar.tsx","‚ûñ","UI Interface demo page - no RBAC needed","",""
"react\src\feature-module\uiInterface\base-ui\borders.tsx","‚ûñ","UI Interface demo page - no RBAC needed","",""
"react\src\feature-module\uiInterface\base-ui\badges.tsx","‚ûñ","UI Interface demo page - no RBAC needed","",""
"react\src\feature-module\uiInterface\base-ui\breadcrumb.tsx","‚ûñ","UI Interface demo page - no RBAC needed","",""
"react\src\feature-module\uiInterface\base-ui\buttons.tsx","‚ûñ","UI Interface demo page - no RBAC needed","",""
"react\src\feature-module\uiInterface\base-ui\buttonsgroup.tsx","‚ûñ","UI Interface demo page - no RBAC needed","",""
"react\src\feature-module\uiInterface\base-ui\cards.tsx","‚ûñ","UI Interface demo page - no RBAC needed","",""
"react\src\feature-module\uiInterface\base-ui\carousel.tsx","‚ûñ","UI Interface demo page - no RBAC needed","",""
"react\src\feature-module\uiInterface\base-ui\colors.tsx","‚ûñ","UI Interface demo page - no RBAC needed","",""
"react\src\feature-module\uiInterface\base-ui\dropdowns.tsx","‚ûñ","UI Interface demo page - no RBAC needed","",""
"react\src\feature-module\uiInterface\base-ui\grid.tsx","‚ûñ","UI Interface demo page - no RBAC needed","",""
"react\src\feature-module\uiInterface\base-ui\images.tsx","‚ûñ","UI Interface demo page - no RBAC needed","",""
"react\src\feature-module\uiInterface\base-ui\lightbox.tsx","‚ûñ","UI Interface demo page - no RBAC needed","",""
"react\src\feature-module\uiInterface\base-ui\media.tsx","‚ûñ","UI Interface demo page - no RBAC needed","",""
"react\src\feature-module\uiInterface\base-ui\modals.tsx","‚ûñ","UI Interface demo page - no RBAC needed","",""
"react\src\feature-module\uiInterface\base-ui\navtabs.tsx","‚ûñ","UI Interface demo page - no RBAC needed","",""
"react\src\feature-module\uiInterface\base-ui\offcanvas.tsx","‚ûñ","UI Interface demo page - no RBAC needed","",""
"react\src\feature-module\uiInterface\base-ui\pagination.tsx","‚ûñ","UI Interface demo page - no RBAC needed","",""
"react\src\feature-module\uiInterface\base-ui\placeholder.tsx","‚ûñ","UI Interface demo page - no RBAC needed","",""
"react\src\feature-module\uiInterface\base-ui\popover.tsx","‚ûñ","UI Interface demo page - no RBAC needed","",""
"react\src\feature-module\uiInterface\base-ui\progress.tsx","‚ûñ","UI Interface demo page - no RBAC needed","",""
"react\src\feature-module\uiInterface\base-ui\rangeslider.tsx","‚ûñ","UI Interface demo page - no RBAC needed","",""
"react\src\feature-module\uiInterface\base-ui\spinner.tsx","‚ûñ","UI Interface demo page - no RBAC needed","",""
"react\src\feature-module\uiInterface\base-ui\swiperjs.tsx","‚ûñ","UI Interface demo page - no RBAC needed","",""
"react\src\feature-module\uiInterface\base-ui\toasts.tsx","‚ûñ","UI Interface demo page - no RBAC needed","",""
"react\src\feature-module\uiInterface\base-ui\tooltips.tsx","‚ûñ","UI Interface demo page - no RBAC needed","",""
"react\src\feature-module\uiInterface\base-ui\typography.tsx","‚ûñ","UI Interface demo page - no RBAC needed","",""
"react\src\feature-module\uiInterface\base-ui\video.tsx","‚ûñ","UI Interface demo page - no RBAC needed","",""
"react\src\feature-module\uiInterface\base-ui\ui-sortable\cloning.tsx","‚ûñ","UI Interface demo page - no RBAC needed","",""
"react\src\feature-module\uiInterface\base-ui\ui-sortable\disable-sorting.tsx","‚ûñ","UI Interface demo page - no RBAC needed","",""
"react\src\feature-module\uiInterface\base-ui\ui-sortable\index.tsx","‚ûñ","UI Interface demo page - no RBAC needed","",""
"react\src\feature-module\uiInterface\base-ui\ui-sortable\multiple-drag.tsx","‚ûñ","UI Interface demo page - no RBAC needed","",""
"react\src\feature-module\uiInterface\base-ui\ui-sortable\nested-sortable.tsx","‚ûñ","UI Interface demo page - no RBAC needed","",""
"react\src\feature-module\uiInterface\base-ui\ui-sortable\shared-list.tsx","‚ûñ","UI Interface demo page - no RBAC needed","",""
"react\src\feature-module\uiInterface\base-ui\ui-sortable\simple-list.tsx","‚ûñ","UI Interface demo page - no RBAC needed","",""
"react\src\feature-module\uiInterface\base-ui\ui-sortable\sortable-grid.tsx","‚ûñ","UI Interface demo page - no RBAC needed","",""
"react\src\feature-module\uiInterface\base-ui\ui-sortable\sorting-handle.tsx","‚ûñ","UI Interface demo page - no RBAC needed","",""
"react\src\feature-module\uiInterface\base-ui\ui-sortable\sorting-filter.tsx","‚ûñ","UI Interface demo page - no RBAC needed","",""
"react\src\feature-module\uiInterface\base-ui\ui-sortable\swap.tsx","‚ûñ","UI Interface demo page - no RBAC needed","",""
"react\src\feature-module\uiInterface\charts\apexcharts.tsx","‚ûñ","UI Interface demo page - no RBAC needed","",""
"react\src\feature-module\uiInterface\charts\chartjs.tsx","‚ûñ","UI Interface demo page - no RBAC needed","",""
"react\src\feature-module\uiInterface\charts\prime-react-chart.tsx","‚ûñ","UI Interface demo page - no RBAC needed","",""
"react\src\feature-module\uiInterface\forms\formelements\layouts\floating-label.tsx","‚ûñ","UI Interface demo page - no RBAC needed","",""
"react\src\feature-module\uiInterface\forms\formelements\layouts\form-horizontal.tsx","‚ûñ","UI Interface demo page - no RBAC needed","",""
"react\src\feature-module\uiInterface\forms\formelements\layouts\form-select2.tsx","‚ûñ","UI Interface demo page - no RBAC needed","",""
"react\src\feature-module\uiInterface\forms\formelements\layouts\form-validation.tsx","‚ûñ","UI Interface demo page - no RBAC needed","",""
"react\src\feature-module\uiInterface\forms\formelements\layouts\form-vertical.tsx","‚ûñ","UI Interface demo page - no RBAC needed","",""
"react\src\feature-module\uiInterface\forms\formelements\checkbox-radios.tsx","‚ûñ","UI Interface demo page - no RBAC needed","",""
"react\src\feature-module\uiInterface\forms\formelements\basic-inputs.tsx","‚ûñ","UI Interface demo page - no RBAC needed","",""
"react\src\feature-module\uiInterface\forms\formelements\fileupload.tsx","‚ûñ","UI Interface demo page - no RBAC needed","",""
"react\src\feature-module\uiInterface\forms\formelements\form-mask.tsx","‚ûñ","UI Interface demo page - no RBAC needed","",""
"react\src\feature-module\uiInterface\forms\formelements\form-select.tsx","‚ûñ","UI Interface demo page - no RBAC needed","",""
"react\src\feature-module\uiInterface\forms\formelements\form-wizard.tsx","‚ûñ","UI Interface demo page - no RBAC needed","",""
"react\src\feature-module\uiInterface\forms\formelements\formpickers.tsx","‚ûñ","UI Interface demo page - no RBAC needed","",""
"react\src\feature-module\uiInterface\forms\formelements\grid-gutters.tsx","‚ûñ","UI Interface demo page - no RBAC needed","",""
"react\src\feature-module\uiInterface\forms\formelements\input-group.tsx","‚ûñ","UI Interface demo page - no RBAC needed","",""
"react\src\feature-module\uiInterface\icons\bootstrapicons.tsx","‚ûñ","UI Interface demo page - no RBAC needed","",""
"react\src\feature-module\uiInterface\icons\feathericon.tsx","‚ûñ","UI Interface demo page - no RBAC needed","",""
"react\src\feature-module\uiInterface\icons\flagicon.tsx","‚ûñ","UI Interface demo page - no RBAC needed","",""
"react\src\feature-module\uiInterface\icons\flagicons.tsx","‚ûñ","UI Interface demo page - no RBAC needed","",""
"react\src\feature-module\uiInterface\icons\fontawesome.tsx","‚ûñ","UI Interface demo page - no RBAC needed","",""
"react\src\feature-module\uiInterface\icons\ionicicons.tsx","‚ûñ","UI Interface demo page - no RBAC needed","",""
"react\src\feature-module\uiInterface\icons\materialicon.tsx","‚ûñ","UI Interface demo page - no RBAC needed","",""
"react\src\feature-module\uiInterface\icons\pe7icons.tsx","‚ûñ","UI Interface demo page - no RBAC needed","",""
"react\src\feature-module\uiInterface\icons\remixIcons.tsx","‚ûñ","UI Interface demo page - no RBAC needed","",""
"react\src\feature-module\uiInterface\icons\simplelineicon.tsx","‚ûñ","UI Interface demo page - no RBAC needed","",""
"react\src\feature-module\uiInterface\icons\themify.tsx","‚ûñ","UI Interface demo page - no RBAC needed","",""
"react\src\feature-module\uiInterface\icons\typicons.tsx","‚ûñ","UI Interface demo page - no RBAC needed","",""
"react\src\feature-module\uiInterface\icons\weathericons.tsx","‚ûñ","UI Interface demo page - no RBAC needed","",""
"react\src\feature-module\uiInterface\map\leaflet.tsx","‚ûñ","UI Interface demo page - no RBAC needed","",""
"react\src\feature-module\uiInterface\table\data-tables.tsx","‚ûñ","UI Interface demo page - no RBAC needed","",""
"react\src\feature-module\uiInterface\table\tables-basic.tsx","‚ûñ","UI Interface demo page - no RBAC needed","",""
"react\src\hooks\useAuth.ts","‚úÖ","Core authorization hook","",""
"react\src\hooks\useApi.ts","‚ûñ","Utility hook - no RBAC needed","",""
"react\src\hooks\useSocket.ts","‚ûñ","Utility hook - no RBAC needed","",""
"react\src\hooks\useProfile.ts","‚ûñ","Utility hook - no RBAC needed","",""
"react\src\hooks\useProfileRest.ts","‚ûñ","Utility hook - no RBAC needed","",""
"react\src\hooks\useActivitiesREST.ts","‚ûñ","Utility hook - no RBAC needed","",""
"react\src\hooks\useAdminDashboardREST.ts","‚ûñ","Utility hook - no RBAC needed","",""
"react\src\hooks\useAttendanceREST.ts","‚ûñ","Utility hook - no RBAC needed","",""
"react\src\hooks\useBatchesREST.ts","‚ûñ","Utility hook - no RBAC needed","",""
"react\src\hooks\useBudgetsREST.ts","‚ûñ","Utility hook - no RBAC needed","",""
"react\src\hooks\useCandidates.ts","‚ûñ","Utility hook - no RBAC needed","",""
"react\src\hooks\useClients.ts","‚ûñ","Utility hook - no RBAC needed","",""
"react\src\hooks\useClientsREST.ts","‚ûñ","Utility hook - no RBAC needed","",""
"react\src\hooks\useCompanies.ts","‚ûñ","Utility hook - no RBAC needed","",""
"react\src\hooks\useContacts.ts","‚ûñ","Utility hook - no RBAC needed","",""
"react\src\hooks\useDeals.ts","‚ûñ","Utility hook - no RBAC needed","",""
"react\src\hooks\useDepartmentsREST.ts","‚ûñ","Utility hook - no RBAC needed","",""
"react\src\hooks\useDesignationsREST.ts","‚ûñ","Utility hook - no RBAC needed","",""
"react\src\hooks\useEmployeesREST.ts","‚ûñ","Utility hook - no RBAC needed","",""
"react\src\hooks\useHolidayREST.ts","‚ûñ","Utility hook - no RBAC needed","",""
"react\src\hooks\useHolidaysREST.ts","‚ûñ","Utility hook - no RBAC needed","",""
"react\src\hooks\useHRDashboardREST.ts","‚ûñ","Utility hook - no RBAC needed","",""
"react\src\hooks\useJobs.ts","‚ûñ","Utility hook - no RBAC needed","",""
"react\src\hooks\useKanbanBoard.ts","‚ûñ","Utility hook - no RBAC needed","",""
"react\src\hooks\useLeadsREST.ts","‚ûñ","Utility hook - no RBAC needed","",""
"react\src\hooks\useLeaveREST.ts","‚ûñ","Utility hook - no RBAC needed","",""
"react\src\hooks\useLeaveTypesREST.ts","‚ûñ","Utility hook - no RBAC needed","",""
"react\src\hooks\useMilestonesREST.ts","‚ûñ","Utility hook - no RBAC needed","",""
"react\src\hooks\useOvertimeREST.ts","‚ûñ","Utility hook - no RBAC needed","",""
"react\src\hooks\usePipelinesREST.ts","‚ûñ","Utility hook - no RBAC needed","",""
"react\src\hooks\usePoliciesREST.ts","‚ûñ","Utility hook - no RBAC needed","",""
"react\src\hooks\useProjectsREST.ts","‚ûñ","Utility hook - no RBAC needed","",""
"react\src\hooks\usePromotionsREST.ts","‚ûñ","Utility hook - no RBAC needed","",""
"react\src\hooks\useResignationsREST.ts","‚ûñ","Utility hook - no RBAC needed","",""
"react\src\hooks\useResourcesREST.ts","‚ûñ","Utility hook - no RBAC needed","",""
"react\src\hooks\useShiftsREST.ts","‚ûñ","Utility hook - no RBAC needed","",""
"react\src\hooks\useSocialFeed.js","‚ûñ","Utility hook - no RBAC needed","",""
"react\src\hooks\useTasksREST.ts","‚ûñ","Utility hook - no RBAC needed","",""
"react\src\hooks\useTaskStatusREST.ts","‚ûñ","Utility hook - no RBAC needed","",""
"react\src\hooks\useTerminationsREST.ts","‚ûñ","Utility hook - no RBAC needed","",""
"react\src\hooks\useTimesheetsREST.ts","‚ûñ","Utility hook - no RBAC needed","",""
"react\src\hooks\useTimeTrackingREST.ts","‚ûñ","Utility hook - no RBAC needed","",""
"react\src\hooks\useUserProfileREST.ts","‚ûñ","Utility hook - no RBAC needed","",""
"react\src\core\common\collapse-header\collapse-header.tsx","‚ûñ","Common UI component - no RBAC needed","",""
"react\src\core\common\dataTable\index.tsx","‚ûñ","Common UI component - no RBAC needed","",""
"react\src\core\common\EmployeeNameCell\index.tsx","‚ûñ","Common UI component - no RBAC needed","",""
"react\src\core\common\footer\index.tsx","‚ûñ","Common UI component - no RBAC needed","",""
"react\src\core\common\header\index.tsx","‚ûñ","Common UI component - no RBAC needed","",""
"react\src\core\common\horizontal-sidebar\index.tsx","üîÑ","Horizontal sidebar - needs RBAC migration","Uses hardcoded roles for filtering","Replace with permission-based filtering"
"react\src\core\common\sidebar\index.tsx","üîÑ","Sidebar component - needs RBAC migration","Uses hardcoded roles for filtering","Replace with permission-based filtering"
"react\src\core\common\stacked-sidebar\index.tsx","‚ûñ","Common UI component - no RBAC needed","",""
"react\src\core\components\ErrorBoundary\index.tsx","‚ûñ","UI component - no RBAC needed","",""
"react\src\core\components\LoadingStates\index.tsx","‚ûñ","UI component - no RBAC needed","",""
"react\src\components\employee\index.ts","‚ûñ","UI component - no RBAC needed","",""
"react\src\components\leave\AttachmentUpload.tsx","‚ûñ","UI component - no RBAC needed","",""
"react\src\components\leave\DateRangeCalculator.tsx","‚ûñ","UI component - no RBAC needed","",""
"react\src\components\DepartmentDesignationSelector.tsx","‚ûñ","UI component - no RBAC needed","",""
"react\src\components\HashtagHighlighter.tsx","‚ûñ","UI component - no RBAC needed","",""
"react\src\core\data\json\*.tsx","‚ûñ","Static data file - no RBAC needed","",""
"react\src\core\data\redux\sidebarSlice.tsx","‚ûñ","Redux state - no RBAC needed","",""
"react\src\core\data\redux\store.tsx","‚ûñ","Redux state - no RBAC needed","",""
"react\src\core\data\redux\useDashboardData.ts","‚ûñ","Redux hook - no RBAC needed","",""
"react\src\core\data\redux\themeSettingSlice.tsx","‚ûñ","Redux state - no RBAC needed","",""
"react\src\contexts\NotificationContext.tsx","‚ûñ","Context provider - no RBAC needed","",""
"react\src\core\services\performance\*.ts","‚ûñ","API service layer - no RBAC needed","",""
"react\src\core\utils\dashboardRoleFilter.ts","‚ùå","Hook contains role-based filtering logic","Hardcoded role filtering","Replace with permission-based filtering"
"react\src\feature-module\pages\error\error-404.tsx","‚ûñ","Error page - no RBAC needed","",""
"react\src\feature-module\pages\error\error-500.tsx","‚ûñ","Error page - no RBAC needed","",""
"react\src\feature-module\pages\gallery\index.tsx","‚ûñ","Static page - no RBAC needed","",""
"react\src\feature-module\pages\pricing\index.tsx","‚ûñ","Static page - no RBAC needed","",""
"react\src\feature-module\pages\privacy-policy\index.tsx","‚ûñ","Static page - no RBAC needed","",""
"react\src\feature-module\pages\profile\index.tsx","‚ûñ","Profile page - no RBAC needed","",""
"react\src\feature-module\pages\search-result\index.tsx","‚ûñ","Search page - no RBAC needed","",""
"react\src\feature-module\pages\terms-condition\index.tsx","‚ûñ","Static page - no RBAC needed","",""
"react\src\feature-module\pages\timeline\index.tsx","‚ûñ","Static page - no RBAC needed","",""
"react\src\feature-module\pages\comingSoon.tsx","‚ûñ","Static page - no RBAC needed","",""
"react\src\feature-module\pages\starter.tsx","‚ûñ","Static page - no RBAC needed","",""
"react\src\feature-module\pages\underConstruction.tsx","‚ûñ","Static page - no RBAC needed","",""
"react\src\feature-module\pages\underMaintenance.tsx","‚ûñ","Static page - no RBAC needed","",""
"react\src\feature-module\mainMenu\layout-dashoard\index.tsx","‚ûñ","Layout component - no RBAC needed","",""
"react\src\feature-module\router\router.jsx","‚ûñ","Router configuration - no RBAC needed","",""
"react\src\feature-module\router\router.link.tsx","‚ûñ","Router configuration - no RBAC needed","",""
"react\src\feature-module\router\all_routes.tsx","‚ûñ","Route definitions - no RBAC needed","",""
"react\src\feature-module\tables\basicTable.tsx","‚ûñ","Table component - no RBAC needed","",""
"react\src\feature-module\tables\dataTable.tsx","‚ûñ","Table component - no RBAC needed","",""
"react\src\config\fieldPermissions.ts","‚ûñ","Configuration file - no RBAC needed","",""
"react\src\services\api.ts","‚ûñ","API service - no RBAC needed","",""
"react\src\services\AuthProvider.tsx","‚ûñ","Auth provider - no RBAC needed","",""
"react\src\types\*.ts","‚ûñ","Type definitions - no RBAC needed","",""
"react\src\utils\*.ts","‚ûñ","Utility functions - no RBAC needed","",""
"react\src\environment.tsx","‚ûñ","Environment config - no RBAC needed","",""
